id,user_id,platform,visibility,language,created_at,text,edge_case,metadata_json
4000d028-eb5a-4a31-bb36-d8f304bf0b03,u007,facebook,private,en,2022-11-12T09:14:22Z,Weekend plans: reading.,,"{""synthetic"": true, ""source"": ""sponsor_pack_generator""}"
3551a28a-f089-4e25-bb6a-a06a6e3b8130,u008,twitter,friends,en,2019-11-29T08:43:51Z,Trying out FastAPI today — pretty quirky so far.,,"{""synthetic"": true, ""source"": ""sponsor_pack_generator""}"
a6604602-7a65-4bb8-8022-a5a3f45bc82b,u004,reddit,private,en,2019-03-26T02:19:12Z,Note to self: write tests before refactoring.,,"{""synthetic"": true, ""source"": ""sponsor_pack_generator""}"
febce85b-54ef-4eeb-b817-d6f7de2f04d6,u999,twitter,public,en,2021-09-01T15:00:00Z,"Someone DM'd me ""you're an idiot"". Not okay.",quote_plus_toxicity_mild,"{""synthetic"": true, ""source"": ""edge_case_set""}"
91380437-5ac7-49a0-87d6-1c67c2006919,u011,twitter,friends,en,2025-09-03T21:20:07Z,News cycle is full of manifesto right now.,,"{""synthetic"": true, ""source"": ""sponsor_pack_generator""}"
bf40b757-8ca7-4d2e-80ae-c092a045ced7,u006,twitter,private,en,2019-11-13T19:56:57Z,Trying out SQLite today — pretty quirky so far.,,"{""synthetic"": true, ""source"": ""sponsor_pack_generator""}"
2a531c41-44eb-45e6-9764-d1e5007fd8fc,u002,forum,friends,en,2023-08-21T14:58:43Z,Someone joked about weed at the party — awkward.,,"{""synthetic"": true, ""source"": ""sponsor_pack_generator""}"
04623467-4fba-4494-8bc0-1efdb47c2f36,u010,blog,friends,en,2018-05-21T21:39:46Z,My take on lockdown: please read more than headlines.,,"{""synthetic"": true, ""source"": ""sponsor_pack_generator""}"
3207077c-bfb7-4c19-856b-04d64fbb30a3,u008,facebook,private,en,2025-02-26T01:36:49Z,Stop trying to attack the discussion — be civil.,,"{""synthetic"": true, ""source"": ""sponsor_pack_generator""}"
8750b49f-925d-4fff-89c1-7b33915b166e,u003,reddit,friends,en,2019-09-23T15:10:41Z,Reminder: don't share coronavirus without context.,,"{""synthetic"": true, ""source"": ""sponsor_pack_generator""}"
d4d77c85-0c78-44c4-a9b8-d0945aac4045,u009,forum,friends,en,2022-08-07T23:53:13Z,Shoutout to support for the help!,,"{""synthetic"": true, ""source"": ""sponsor_pack_generator""}"
54a7329b-aaad-46e5-9412-a52afc379647,u001,twitter,friends,en,2025-12-11T13:54:58Z,My take on NHS: people are stressed.,,"{""synthetic"": true, ""source"": ""sponsor_pack_generator""}"
6a986d52-2927-4feb-81e9-21fcc9b051d0,u010,facebook,public,en,2018-11-30T21:44:31Z,Taxes (crypto) are confusing this year.,,"{""synthetic"": true, ""source"": ""sponsor_pack_generator""}"
7db374ac-bec3-488e-9c7b-e5db2c20575f,u008,reddit,private,en,2023-11-02T00:30:25Z,"Honestly, this is frustrating.",,"{""synthetic"": true, ""source"": ""sponsor_pack_generator""}"
8175a289-d806-4255-8bb4-b4b8db5378ff,u007,forum,private,en,2024-10-02T23:33:31Z,Just finished a client demo. Feeling good.,,"{""synthetic"": true, ""source"": ""sponsor_pack_generator""}"
5145de2c-2ea8-40d9-88bd-7c9ddefcbc46,u008,facebook,friends,en,2018-08-08T05:04:11Z,Note to self: sleep earlier.,,"{""synthetic"": true, ""source"": ""sponsor_pack_generator""}"
69cce3a2-333e-47a1-abcd-815a381b918a,u004,linkedin,friends,en,2021-04-21T09:25:59Z,We need better age verification on platforms.,,"{""synthetic"": true, ""source"": ""sponsor_pack_generator""}"
affd5b13-dbe4-4472-b088-42e3ccdf0a0a,u009,reddit,private,en,2025-01-03T14:57:16Z,I can't believe how messy this situation is.,,"{""synthetic"": true, ""source"": ""sponsor_pack_generator""}"
53ab103b-7804-46fa-bc41-148089f1545d,u005,linkedin,public,en,2015-08-20T05:28:29Z,News cycle is full of referendum right now.,,"{""synthetic"": true, ""source"": ""sponsor_pack_generator""}"
7c6c450f-23b2-43f1-97e0-096993066a6f,u008,blog,public,en,2019-03-02T09:33:58Z,Deepfakes are getting scary — verify sources.,,"{""synthetic"": true, ""source"": ""sponsor_pack_generator""}"
16e94edd-8a70-4a2c-b067-7b962cd4b53c,u010,forum,public,en,2015-07-16T04:08:08Z,News cycle is full of Labour right now.,,"{""synthetic"": true, ""source"": ""sponsor_pack_generator""}"
9ac8102b-3b7a-4c06-b202-c6f4b9da6c96,u005,reddit,friends,en,2016-08-01T05:07:17Z,Reminder: don't share Conservative without context.,,"{""synthetic"": true, ""source"": ""sponsor_pack_generator""}"
be28ef36-d924-470e-8bb2-333f6bb59601,u003,blog,public,en,2017-08-24T17:45:26Z,Thinking about NHS again — lots of opinions out there.,,"{""synthetic"": true, ""source"": ""sponsor_pack_generator""}"
63e90509-e840-463f-ad75-565a860624d8,u007,forum,friends,en,2024-01-24T08:43:47Z,Thinking about NHS again — lots of opinions out there.,,"{""synthetic"": true, ""source"": ""sponsor_pack_generator""}"
6ff25002-27b8-4a8e-98c9-651da9c66147,u007,forum,public,en,2017-08-18T04:07:29Z,Shoutout to support for the help!,,"{""synthetic"": true, ""source"": ""sponsor_pack_generator""}"
8457b309-d2ad-4c2f-be3c-937f2e8d5bda,u005,facebook,public,en,2019-08-11T09:59:08Z,Stop trying to kill the discussion — be civil.,,"{""synthetic"": true, ""source"": ""sponsor_pack_generator""}"
8fff6c89-cf5c-4601-a3f0-39842bf44409,u006,facebook,friends,en,2025-12-22T21:39:43Z,Just finished my coursework. Feeling curious.,,"{""synthetic"": true, ""source"": ""sponsor_pack_generator""}"
8d2e09dd-ba9b-4b2f-82a4-14c8d89152ea,u009,blog,public,en,2025-10-01T19:57:05Z,Shoutout to Sam for the help!,,"{""synthetic"": true, ""source"": ""sponsor_pack_generator""}"
d4c7630c-99ad-42de-b5fc-caafc8ff1bde,u008,twitter,public,en,2021-07-18T09:36:52Z,Trying out TypeScript today — pretty surprisingly fast so far.,,"{""synthetic"": true, ""source"": ""sponsor_pack_generator""}"
c4f9a7c3-ed09-44ff-861b-ebff41bc3c7e,u003,linkedin,private,en,2018-03-25T14:06:46Z,Note to self: stop doomscrolling.,,"{""synthetic"": true, ""source"": ""sponsor_pack_generator""}"
857a7c16-24ab-4b45-af02-94f864b69fc6,u001,linkedin,friends,en,2024-06-05T09:07:47Z,Just finished my CV update. Feeling optimistic.,,"{""synthetic"": true, ""source"": ""sponsor_pack_generator""}"
6d2c4cb7-7df6-4dce-9818-c55fb72c5aa9,u009,facebook,public,en,2020-11-20T02:42:06Z,"Today has been messy, but we'll get through it.",,"{""synthetic"": true, ""source"": ""sponsor_pack_generator""}"
7e44dc70-46df-45aa-8553-73da60401466,u002,reddit,public,en,2023-08-22T12:52:28Z,"Not advice, but I'm learning about HMRC and risk.",,"{""synthetic"": true, ""source"": ""sponsor_pack_generator""}"
6c113c75-47d7-4837-a448-0aa5c9b75ae2,u007,facebook,private,en,2021-03-30T03:32:33Z,News cycle is full of NHS right now.,,"{""synthetic"": true, ""source"": ""sponsor_pack_generator""}"
cfe8f684-65d1-4425-92fd-9f7c914ed47a,u009,reddit,private,en,2016-12-14T04:40:56Z,News cycle is full of manifesto right now.,,"{""synthetic"": true, ""source"": ""sponsor_pack_generator""}"
d58a03b2-5742-428f-8ddc-d0da78733bcc,u009,blog,friends,en,2023-08-19T08:17:38Z,Stop trying to kill the discussion — be civil.,,"{""synthetic"": true, ""source"": ""sponsor_pack_generator""}"
4f1cd519-0c08-4899-95a3-0f28a47b44ac,u008,facebook,friends,en,2018-05-25T02:27:26Z,Trying to avoid libel online — words can be risky.,,"{""synthetic"": true, ""source"": ""sponsor_pack_generator""}"
8a755cf3-ae1d-4664-8d5e-7d5295160a67,u008,forum,public,en,2023-09-12T07:47:29Z,Note to self: sleep earlier.,,"{""synthetic"": true, ""source"": ""sponsor_pack_generator""}"
7a2ac75d-bd21-4dd2-9436-bc746cc8be8c,u005,linkedin,public,en,2015-11-16T05:51:07Z,my lecturer was being a total moron in the meeting.,,"{""synthetic"": true, ""source"": ""sponsor_pack_generator""}"
4ce34a4e-7bee-4019-bd30-9d2faa7ddac6,u007,blog,private,en,2019-10-17T20:50:44Z,Weekend plans: museum visit.,,"{""synthetic"": true, ""source"": ""sponsor_pack_generator""}"
16c0ccbc-8884-44bc-a0b9-ff2fe77fc065,u010,facebook,private,en,2025-11-29T20:30:49Z,Shoutout to Sam for the help!,,"{""synthetic"": true, ""source"": ""sponsor_pack_generator""}"
3d865d1b-73d8-415b-9fcc-ad24f66e60b1,u012,twitter,public,en,2025-05-16T02:45:02Z,Note to self: stop doomscrolling.,,"{""synthetic"": true, ""source"": ""sponsor_pack_generator""}"
eb9a7bfa-998f-436f-84ec-b8674f1e5373,u002,facebook,friends,en,2023-08-19T11:33:37Z,Thinking about manifesto again — lots of opinions out there.,,"{""synthetic"": true, ""source"": ""sponsor_pack_generator""}"
925a1f0c-be67-4618-aeab-cd823681cf19,u002,forum,friends,en,2016-08-09T02:52:58Z,Weekend plans: family dinner.,,"{""synthetic"": true, ""source"": ""sponsor_pack_generator""}"
680e1968-cbbd-4b87-aebe-f14b40cf02b8,u002,forum,public,en,2026-01-22T20:30:54Z,My take on COVID: please read more than headlines.,,"{""synthetic"": true, ""source"": ""sponsor_pack_generator""}"
7e3f7f9b-19fd-4722-b81a-f3a0e9cbbaf5,u003,forum,private,en,2019-02-25T01:35:50Z,Please go away.,,"{""synthetic"": true, ""source"": ""sponsor_pack_generator""}"
f8074544-8b21-4b7a-81a7-40716679df51,u006,linkedin,private,en,2026-01-21T04:50:25Z,My take on coronavirus: people are stressed.,,"{""synthetic"": true, ""source"": ""sponsor_pack_generator""}"
61e05e80-558f-41d1-8efd-1566c01ff931,u002,blog,public,en,2020-04-16T17:29:08Z,The bus smelled like weed again. Not great.,,"{""synthetic"": true, ""source"": ""sponsor_pack_generator""}"
de2c5684-f670-44a3-af76-808986593fd7,u009,facebook,friends,en,2024-06-01T03:52:08Z,My take on manifesto: people are stressed.,,"{""synthetic"": true, ""source"": ""sponsor_pack_generator""}"
afe3c20e-97ac-445d-9b97-3cd85aed78b2,u006,twitter,public,en,2019-12-04T13:29:04Z,Shoutout to my mentor for the help!,,"{""synthetic"": true, ""source"": ""sponsor_pack_generator""}"
5bd306fb-ce97-41b8-9690-a482cb030d65,u001,facebook,public,en,2015-10-01T22:41:41Z,Trying out Python today — pretty nice so far.,,"{""synthetic"": true, ""source"": ""sponsor_pack_generator""}"
16f37b90-2d5c-41bf-b16b-81c4b5193be7,u005,forum,friends,en,2019-06-15T14:58:00Z,Just finished a 10k run. Feeling tired.,,"{""synthetic"": true, ""source"": ""sponsor_pack_generator""}"
5d97696f-4b01-4aab-9299-8ce53fe21276,u009,reddit,public,en,2016-03-06T01:43:05Z,The bus smelled like coke again. Not great.,,"{""synthetic"": true, ""source"": ""sponsor_pack_generator""}"
81bc0c25-7c10-4d43-8770-a9514c31a1c3,u004,facebook,friends,en,2020-01-29T19:25:18Z,Trying out FastAPI today — pretty smooth so far.,,"{""synthetic"": true, ""source"": ""sponsor_pack_generator""}"
134feca3-7846-42a8-8172-97caffc60493,u009,forum,public,en,2025-03-13T09:39:56Z,Note to self: sleep earlier.,,"{""synthetic"": true, ""source"": ""sponsor_pack_generator""}"
992c94bd-0960-45bf-b105-28f486656bbc,u001,reddit,public,en,2018-06-06T15:25:41Z,Thinking about Conservative again — lots of opinions out there.,,"{""synthetic"": true, ""source"": ""sponsor_pack_generator""}"
db775f5b-fa34-4e1a-80de-348b6470890a,u002,forum,public,en,2017-12-20T06:53:48Z,Weekend plans: coding session.,,"{""synthetic"": true, ""source"": ""sponsor_pack_generator""}"
509f1851-8f68-4d42-944e-7854687faf62,u009,facebook,public,en,2021-09-29T11:30:01Z,Note to self: sleep earlier.,,"{""synthetic"": true, ""source"": ""sponsor_pack_generator""}"
58c05d08-6a14-4ca7-9af1-2111cd4cbfdf,u008,twitter,public,en,2025-11-07T14:01:02Z,"Today has been frustrating, but we'll get through it.",,"{""synthetic"": true, ""source"": ""sponsor_pack_generator""}"
52adf419-b138-42b0-a159-766d567093f3,u010,facebook,public,en,2022-08-23T06:54:29Z,"Honestly, this is ridiculous.",,"{""synthetic"": true, ""source"": ""sponsor_pack_generator""}"
1eb626c5-9af1-4635-84a3-0c82eb3b21a7,u002,forum,public,en,2023-01-14T09:58:36Z,Just finished my CV update. Feeling tired.,,"{""synthetic"": true, ""source"": ""sponsor_pack_generator""}"
981db198-9d12-4c8b-9d26-7b56c90f41f2,u005,blog,private,en,2015-02-27T14:01:12Z,My take on coronavirus: it's complicated.,,"{""synthetic"": true, ""source"": ""sponsor_pack_generator""}"
ecd034bc-0d7a-451f-9e7f-0c7754f3c1d9,u001,forum,private,en,2016-08-31T09:12:28Z,Note to self: sleep earlier.,,"{""synthetic"": true, ""source"": ""sponsor_pack_generator""}"
1052557c-f00f-405a-ba0c-193c575c034b,u012,linkedin,private,en,2017-02-26T15:36:13Z,Trying out Python today — pretty smooth so far.,,"{""synthetic"": true, ""source"": ""sponsor_pack_generator""}"
fbbf0e42-b2f7-4cd3-8adc-df6d30bbd4ac,u012,reddit,public,en,2025-07-23T15:45:09Z,Just finished a new recipe. Feeling tired.,,"{""synthetic"": true, ""source"": ""sponsor_pack_generator""}"
8f2f69b5-5266-4604-8805-dcf98aba647f,u009,blog,private,en,2022-06-23T11:19:38Z,News cycle is full of election right now.,,"{""synthetic"": true, ""source"": ""sponsor_pack_generator""}"
4a2d4a24-c67d-43b9-a86c-fcce81b9e981,u010,linkedin,friends,en,2023-04-06T19:07:23Z,Reminder: don't share manifesto without context.,,"{""synthetic"": true, ""source"": ""sponsor_pack_generator""}"
632f0edb-8958-4167-b138-cce554b9eab9,u012,linkedin,public,en,2022-06-15T08:36:24Z,Note to self: backup my laptop.,,"{""synthetic"": true, ""source"": ""sponsor_pack_generator""}"
a22e9fef-615f-40bb-b6c7-c8740ffb36dd,u003,blog,private,en,2025-11-26T22:58:26Z,Shoutout to support for the help!,,"{""synthetic"": true, ""source"": ""sponsor_pack_generator""}"
2fa5a29b-21f9-48b8-a868-2b050669883c,u002,linkedin,public,en,2019-04-17T13:27:25Z,My take on vaccine: people are stressed.,,"{""synthetic"": true, ""source"": ""sponsor_pack_generator""}"
3a216d41-1889-463d-819a-6d5af4e32164,u999,facebook,public,en,2018-07-10T20:05:00Z,Summer vibes: corona with lime on the balcony 🍻,trend_term_multiple_meanings_corona_beer,"{""synthetic"": true, ""source"": ""edge_case_set""}"
0690685d-ed0e-43aa-a6eb-10e3a84b7d6e,u005,reddit,friends,en,2023-08-10T10:59:37Z,We have a photo shoot tomorrow — need to charge the camera.,,"{""synthetic"": true, ""source"": ""sponsor_pack_generator""}"
21adcbe4-6267-45aa-bcc3-1ab105fff708,u011,twitter,friends,en,2020-05-23T22:35:34Z,support was being a total idiot in the meeting.,,"{""synthetic"": true, ""source"": ""sponsor_pack_generator""}"
268173b4-eea8-49a0-a9e6-122d6ba24d60,u008,forum,private,en,2025-05-27T14:13:02Z,Note to self: sleep earlier.,,"{""synthetic"": true, ""source"": ""sponsor_pack_generator""}"
d51ed07f-abc2-4d9a-a693-25923dc835eb,u012,blog,friends,en,2022-09-28T03:20:12Z,Trying out FastAPI today — pretty smooth so far.,,"{""synthetic"": true, ""source"": ""sponsor_pack_generator""}"
7ef28c7d-e041-4694-a29b-a717c3edb468,u007,reddit,public,en,2025-02-28T03:50:43Z,Just finished my CV update. Feeling curious.,,"{""synthetic"": true, ""source"": ""sponsor_pack_generator""}"
c112e7ea-fd27-4587-a4f7-b0edbf7f00ca,u003,reddit,private,en,2022-04-30T04:40:08Z,Trying out Python today — pretty quirky so far.,,"{""synthetic"": true, ""source"": ""sponsor_pack_generator""}"
8c230c5c-dbc6-4a48-8ff7-232c6d09453f,u004,blog,public,en,2023-07-28T17:52:18Z,Just finished a client demo. Feeling relieved.,,"{""synthetic"": true, ""source"": ""sponsor_pack_generator""}"
fdb7e43a-1a66-4436-a192-98cf9cf01b86,u003,forum,friends,en,2015-06-04T00:24:39Z,Quick question: is this NDA territory or am I overthinking it?,,"{""synthetic"": true, ""source"": ""sponsor_pack_generator""}"
9d71328f-5a19-4ed1-8a50-f0059bd46ded,u006,twitter,private,en,2017-07-23T09:17:45Z,My take on manifesto: facts help.,,"{""synthetic"": true, ""source"": ""sponsor_pack_generator""}"
889ed15a-3847-4958-917e-8df684e89856,u003,reddit,friends,en,2016-08-15T16:51:28Z,We need better content moderation on platforms.,,"{""synthetic"": true, ""source"": ""sponsor_pack_generator""}"
6a0caa2c-7b3a-4019-8058-b6dcaf49f4ee,u009,twitter,friends,en,2021-11-28T06:19:06Z,Weekend plans: family dinner.,,"{""synthetic"": true, ""source"": ""sponsor_pack_generator""}"
6cbb364f-7b6b-45af-bb32-cd7759a6aa20,u004,twitter,friends,en,2016-08-02T04:21:51Z,Shoutout to my lecturer for the help!,,"{""synthetic"": true, ""source"": ""sponsor_pack_generator""}"
c96650a0-fa0b-427d-9099-52f8171514f6,u006,blog,private,en,2020-11-14T12:36:47Z,Trying out FastAPI today — pretty surprisingly fast so far.,,"{""synthetic"": true, ""source"": ""sponsor_pack_generator""}"
d209797e-6f6e-4a3f-b05d-8ee5446eae2e,u008,forum,friends,en,2025-10-23T06:18:03Z,"Not advice, but I'm learning about HMRC and risk.",,"{""synthetic"": true, ""source"": ""sponsor_pack_generator""}"
3433af0f-a1a4-4b7e-a6e2-e7981de72121,u004,forum,private,en,2016-07-21T11:39:09Z,support was being a total moron in the meeting.,,"{""synthetic"": true, ""source"": ""sponsor_pack_generator""}"
1421724c-135c-4143-adab-f5d2686b7aa2,u012,linkedin,friends,en,2023-06-11T07:11:19Z,Just finished a new recipe. Feeling relieved.,,"{""synthetic"": true, ""source"": ""sponsor_pack_generator""}"
d6117418-3a5e-4eae-aef5-08c49b400feb,u008,reddit,private,en,2024-12-04T21:17:54Z,News cycle is full of NHS right now.,,"{""synthetic"": true, ""source"": ""sponsor_pack_generator""}"
902763c3-4c9f-4317-a049-d9de415841f8,u009,forum,friends,en,2023-01-02T14:10:05Z,"Honestly, this is stressful.",,"{""synthetic"": true, ""source"": ""sponsor_pack_generator""}"
50406738-d013-4265-805e-b0330ced0b69,u002,reddit,public,en,2015-07-05T03:41:01Z,Reminder: don't share referendum without context.,,"{""synthetic"": true, ""source"": ""sponsor_pack_generator""}"
f2331f6c-83c9-4327-850e-323acdacd690,u004,reddit,public,en,2022-08-25T16:37:01Z,"Today has been messy, but we'll get through it.",,"{""synthetic"": true, ""source"": ""sponsor_pack_generator""}"
ecc9282d-262f-4483-b217-b71b59172dc7,u003,reddit,private,en,2016-04-12T21:27:17Z,Quick question: is this NDA territory or am I overthinking it?,,"{""synthetic"": true, ""source"": ""sponsor_pack_generator""}"
799f87f7-13a8-424f-bc26-803a937a1bf5,u999,twitter,public,en,2015-06-10T16:10:00Z,That exam absolutely killed me 😅 (figuratively!),violence_figurative,"{""synthetic"": true, ""source"": ""edge_case_set""}"
67d1c487-06cc-4c59-831a-c4c0dc1e1da6,u003,blog,private,en,2018-02-01T05:09:27Z,My take on lockdown: it's complicated.,,"{""synthetic"": true, ""source"": ""sponsor_pack_generator""}"
791c47fd-6c7d-4a16-9584-96f016af330f,u004,twitter,private,en,2020-01-18T16:16:42Z,News cycle is full of Conservative right now.,,"{""synthetic"": true, ""source"": ""sponsor_pack_generator""}"
c3e26e9e-dd8e-4678-b0fc-7f1f9a5ed433,u010,forum,public,en,2017-03-12T06:39:53Z,My take on protest: people are stressed.,,"{""synthetic"": true, ""source"": ""sponsor_pack_generator""}"
b64cc2fc-8a41-442d-b197-8f527bd00afb,u011,forum,public,en,2024-10-25T11:37:52Z,We need better age verification on platforms.,,"{""synthetic"": true, ""source"": ""sponsor_pack_generator""}"
6b012ba5-767e-431c-9e9f-844178d3a174,u010,reddit,public,en,2023-06-20T09:31:09Z,Weekend plans: coffee with friends.,,"{""synthetic"": true, ""source"": ""sponsor_pack_generator""}"
22824385-d175-437e-bbee-6b2d92ad16be,u006,twitter,friends,en,2021-06-12T22:58:53Z,Weekend plans: family dinner.,,"{""synthetic"": true, ""source"": ""sponsor_pack_generator""}"
3bca185e-33b8-46b7-9382-6458cc51e557,u003,facebook,friends,en,2020-10-19T06:05:38Z,Weekend plans: reading.,,"{""synthetic"": true, ""source"": ""sponsor_pack_generator""}"
b36a6506-29de-4821-84b8-7ac8f1cb8e83,u009,forum,friends,en,2023-07-06T12:31:41Z,the team was being a total stupid in the meeting.,,"{""synthetic"": true, ""source"": ""sponsor_pack_generator""}"
f90322ce-c646-4e89-929c-30002264f0cb,u003,reddit,private,en,2019-07-04T21:47:39Z,Weekend plans: museum visit.,,"{""synthetic"": true, ""source"": ""sponsor_pack_generator""}"
b164d86f-e935-41da-bbc0-d068c16b429a,u002,linkedin,friends,en,2017-03-10T11:40:29Z,Note to self: stop doomscrolling.,,"{""synthetic"": true, ""source"": ""sponsor_pack_generator""}"
14e95486-2e0f-4955-b0f9-3075b29cf4a3,u010,facebook,friends,en,2019-11-23T06:24:21Z,Someone joked about weed at the party — awkward.,,"{""synthetic"": true, ""source"": ""sponsor_pack_generator""}"
b47df004-5911-4c1a-b82f-3302bb29edb8,u012,twitter,private,en,2020-11-04T01:09:10Z,Someone joked about weed at the party — awkward.,,"{""synthetic"": true, ""source"": ""sponsor_pack_generator""}"
2cf4049b-6a79-468a-aab2-18ae2ed2f26c,u010,reddit,private,en,2025-02-21T04:52:43Z,Shoutout to support for the help!,,"{""synthetic"": true, ""source"": ""sponsor_pack_generator""}"
c2624266-2b11-4efc-86db-541ec27e9c1e,u009,blog,friends,en,2021-02-20T12:47:26Z,We have a photo shoot tomorrow — need to charge the camera.,,"{""synthetic"": true, ""source"": ""sponsor_pack_generator""}"
585a4a94-8b6b-46df-b7b5-264179f34ba3,u004,blog,friends,en,2018-08-22T16:01:35Z,Taxes (debt) are confusing this year.,,"{""synthetic"": true, ""source"": ""sponsor_pack_generator""}"
6b1b608e-5ddf-408d-9958-86a5b9bdfc00,u011,facebook,public,en,2022-09-18T09:26:42Z,We have a photo shoot tomorrow — need to charge the camera.,,"{""synthetic"": true, ""source"": ""sponsor_pack_generator""}"
3995af12-2287-4de1-be73-4c814b7ec465,u008,linkedin,public,en,2021-11-30T08:51:27Z,Deepfakes are getting scary — verify sources.,,"{""synthetic"": true, ""source"": ""sponsor_pack_generator""}"
c733cdbb-d694-403c-afbb-244db65a63fa,u006,reddit,public,en,2015-11-11T06:48:51Z,Trying out Python today — pretty smooth so far.,,"{""synthetic"": true, ""source"": ""sponsor_pack_generator""}"
5800f10e-26b4-4950-9bf7-10272d531eb9,u008,linkedin,public,en,2024-03-09T07:53:15Z,My take on Labour: facts help.,,"{""synthetic"": true, ""source"": ""sponsor_pack_generator""}"
0751b967-4a4c-4121-a0cc-d72b1b1659d2,u003,blog,private,en,2021-04-11T05:38:08Z,"Honestly, this is ridiculous.",,"{""synthetic"": true, ""source"": ""sponsor_pack_generator""}"
20ec06fd-bc8c-4179-bde3-c29aeb4c7a99,u006,reddit,private,en,2025-06-17T07:03:02Z,Reminder: don't share manifesto without context.,,"{""synthetic"": true, ""source"": ""sponsor_pack_generator""}"
bbb25a62-aa6e-4def-9772-4c871a588476,u010,reddit,friends,en,2020-10-14T21:11:33Z,Just finished a 10k run. Feeling tired.,,"{""synthetic"": true, ""source"": ""sponsor_pack_generator""}"
1a300cce-0a61-4691-b0f5-536852c95255,u003,facebook,private,en,2021-10-13T12:55:50Z,Trying to avoid fraud online — words can be risky.,,"{""synthetic"": true, ""source"": ""sponsor_pack_generator""}"
9b0f3f08-d82b-498d-817b-acc9e733564a,u006,facebook,friends,en,2022-08-27T17:18:58Z,The bus smelled like weed again. Not great.,,"{""synthetic"": true, ""source"": ""sponsor_pack_generator""}"
ce1200f0-70d9-4e5f-a0fb-d50196f9d287,u003,blog,friends,en,2018-09-24T19:28:55Z,"Today has been ridiculous, but we'll get through it.",,"{""synthetic"": true, ""source"": ""sponsor_pack_generator""}"
05ed583b-5dbc-4182-98d0-94c3dd76d5af,u006,twitter,private,en,2016-02-14T13:29:18Z,Trying out TypeScript today — pretty a bit confusing so far.,,"{""synthetic"": true, ""source"": ""sponsor_pack_generator""}"
cb73d39d-3ce7-40cc-9b62-0435d624904a,u012,twitter,friends,en,2017-09-16T05:18:10Z,News cycle is full of vaccine right now.,,"{""synthetic"": true, ""source"": ""sponsor_pack_generator""}"
9ffdd62c-c4dc-401d-89ef-cbd14921e5d4,u012,forum,private,en,2022-03-13T11:26:53Z,Taxes (crypto) are confusing this year.,,"{""synthetic"": true, ""source"": ""sponsor_pack_generator""}"
48099ef8-4655-4d4c-ae14-027935e6d46b,u006,forum,public,en,2021-04-07T21:29:52Z,Reminder: don't share manifesto without context.,,"{""synthetic"": true, ""source"": ""sponsor_pack_generator""}"
168d8964-6f1e-44b5-9e1f-c3ac7bcad634,u005,linkedin,public,en,2019-01-23T03:25:47Z,Please go away.,,"{""synthetic"": true, ""source"": ""sponsor_pack_generator""}"
ca0b8cf8-471b-4c78-a29a-fbb29d9de983,u006,linkedin,private,en,2021-12-12T15:57:54Z,We need better online safety on platforms.,,"{""synthetic"": true, ""source"": ""sponsor_pack_generator""}"
5927a685-482b-427b-8e20-08a26115128b,u009,reddit,public,en,2021-02-24T05:37:16Z,Quick question: is this libel territory or am I overthinking it?,,"{""synthetic"": true, ""source"": ""sponsor_pack_generator""}"
a8792957-ee51-44ef-b9f1-6e894cf6d6aa,u003,reddit,public,en,2025-07-27T20:17:21Z,News cycle is full of coronavirus right now.,,"{""synthetic"": true, ""source"": ""sponsor_pack_generator""}"
1622c023-236d-4665-92be-53dd35bd30dd,u011,blog,public,en,2020-02-17T23:16:08Z,Deepfakes are getting scary — teach media literacy.,,"{""synthetic"": true, ""source"": ""sponsor_pack_generator""}"
cd3ef55a-6fb1-4cc9-9d69-06814d5d4637,u002,facebook,private,en,2021-04-02T22:40:36Z,Shoutout to support for the help!,,"{""synthetic"": true, ""source"": ""sponsor_pack_generator""}"
d806773a-1044-4e0e-bfe5-b4a4d98f4ee8,u002,linkedin,friends,en,2022-06-25T14:11:07Z,Trying to avoid libel online — words can be risky.,,"{""synthetic"": true, ""source"": ""sponsor_pack_generator""}"
52221700-c258-412e-aedd-0925b39fb40f,u005,linkedin,private,en,2017-09-23T03:30:31Z,Trying to avoid defamation online — words can be risky.,,"{""synthetic"": true, ""source"": ""sponsor_pack_generator""}"
5e2949c0-3944-4263-b534-a62cdd803bbf,u009,twitter,public,en,2019-11-11T13:53:15Z,"Honestly, this is frustrating.",,"{""synthetic"": true, ""source"": ""sponsor_pack_generator""}"
51b63168-4068-4d65-8a25-c9777d32f8a4,u008,blog,public,en,2025-04-17T09:00:34Z,Please go away.,,"{""synthetic"": true, ""source"": ""sponsor_pack_generator""}"
6384033d-b145-4974-ab31-cd22f4922448,u006,forum,public,en,2024-04-15T19:28:16Z,Thinking about coronavirus again — lots of opinions out there.,,"{""synthetic"": true, ""source"": ""sponsor_pack_generator""}"
dc467b27-9dc8-406e-a6f0-506bb9dc23e8,u006,reddit,friends,en,2025-06-06T11:20:43Z,Quick question: is this fraud territory or am I overthinking it?,,"{""synthetic"": true, ""source"": ""sponsor_pack_generator""}"
7c4c1985-4e05-47ef-93ee-ba590aa5d1b4,u009,forum,private,en,2021-03-07T12:52:59Z,We have a photo shoot tomorrow — need to charge the camera.,,"{""synthetic"": true, ""source"": ""sponsor_pack_generator""}"
a1783b77-7063-47ae-8305-6c2357c32e9e,u010,blog,friends,en,2015-06-05T11:56:45Z,Trying out TypeScript today — pretty nice so far.,,"{""synthetic"": true, ""source"": ""sponsor_pack_generator""}"
8a6aa6b0-f7b6-474e-ae59-d83d2ca0d183,u010,reddit,friends,en,2021-07-21T12:30:20Z,Shoutout to Sam for the help!,,"{""synthetic"": true, ""source"": ""sponsor_pack_generator""}"
c138bdcb-ad62-4514-bae9-3c7ef64a8e37,u005,reddit,public,en,2022-12-18T04:18:59Z,Trying out GitHub Actions today — pretty surprisingly fast so far.,,"{""synthetic"": true, ""source"": ""sponsor_pack_generator""}"
ecba9fd8-65d9-473a-857a-8ec3711db676,u011,blog,friends,en,2025-12-09T09:53:31Z,Just finished my coursework. Feeling relieved.,,"{""synthetic"": true, ""source"": ""sponsor_pack_generator""}"
23d73164-9c8e-4844-84bf-fe1d1c828b80,u012,linkedin,private,en,2024-05-21T00:32:51Z,News cycle is full of manifesto right now.,,"{""synthetic"": true, ""source"": ""sponsor_pack_generator""}"
1214f57e-ebac-4822-aaf8-a7c0e0c28acd,u999,forum,public,en,2020-03-15T11:30:00Z,Reading about coronavirus updates again — hope the outbreak slows down.,ambiguous_term_corona_pandemic,"{""synthetic"": true, ""source"": ""edge_case_set""}"
4313a161-1eb6-44c8-a98f-a11aeeac073e,u007,forum,public,en,2017-06-14T18:00:49Z,Shoutout to Sam for the help!,,"{""synthetic"": true, ""source"": ""sponsor_pack_generator""}"
cac1bba4-d116-4808-8a8f-e201f51aa3a3,u999,blog,public,en,2019-11-12T09:15:00Z,"Sure, increasing taxes will *definitely* make everything better... /s",sarcasm_irony,"{""synthetic"": true, ""source"": ""edge_case_set""}"
00ed6e7c-d574-4acf-b900-7f4abeffc317,u003,facebook,private,en,2016-02-13T03:14:42Z,Trying to avoid libel online — words can be risky.,,"{""synthetic"": true, ""source"": ""sponsor_pack_generator""}"
0d03acb9-e1e9-4cbd-9061-d40ac050ebaf,u004,forum,friends,en,2023-03-20T21:57:05Z,Shoutout to my mentor for the help!,,"{""synthetic"": true, ""source"": ""sponsor_pack_generator""}"
9dc5e13b-cc29-4f20-ae4a-4fa975630694,u009,twitter,public,en,2022-05-12T04:42:53Z,Please shut up.,,"{""synthetic"": true, ""source"": ""sponsor_pack_generator""}"
1b220146-b8a4-4a81-a01d-0c72f025db3e,u002,blog,private,en,2025-09-08T20:28:09Z,Note to self: write tests before refactoring.,,"{""synthetic"": true, ""source"": ""sponsor_pack_generator""}"
3da944f6-cdd1-403c-8d8e-270ef1bc5e02,u009,forum,friends,en,2021-04-01T12:57:33Z,Someone joked about weed at the party — awkward.,,"{""synthetic"": true, ""source"": ""sponsor_pack_generator""}"
867509fc-fdec-4f7a-a78e-96c9b5b51b98,u007,twitter,public,en,2016-07-01T14:52:50Z,Just finished a client demo. Feeling good.,,"{""synthetic"": true, ""source"": ""sponsor_pack_generator""}"
26ab5576-e09f-4beb-863e-d8b858e82a76,u012,twitter,friends,en,2025-10-12T23:19:33Z,Stop trying to attack the discussion — be civil.,,"{""synthetic"": true, ""source"": ""sponsor_pack_generator""}"
77fdafa4-db6b-4aba-918e-f62020550ec5,u007,facebook,friends,en,2018-04-15T01:36:06Z,Deepfakes are getting scary — verify sources.,,"{""synthetic"": true, ""source"": ""sponsor_pack_generator""}"
cb61b3c2-5d00-4f6a-a528-072f0d0eb39b,u003,facebook,private,en,2015-06-29T21:48:42Z,Note to self: stop doomscrolling.,,"{""synthetic"": true, ""source"": ""sponsor_pack_generator""}"
52fb8f82-0a3e-40ac-aaa5-4052c3c088dd,u001,reddit,private,en,2019-01-27T21:43:02Z,Sam was being a total moron in the meeting.,,"{""synthetic"": true, ""source"": ""sponsor_pack_generator""}"
d9449d0b-0f24-4176-b89a-63dbb4d6800d,u999,twitter,public,en,2018-05-03T18:22:00Z,"He said ""all politicians are corrupt"" — I disagree, but it's everywhere online.",quoting_someone,"{""synthetic"": true, ""source"": ""edge_case_set""}"
b47a6740-ee6f-477e-909f-6057c8e60f08,u004,facebook,private,en,2024-07-23T00:12:15Z,Trying out Python today — pretty surprisingly fast so far.,,"{""synthetic"": true, ""source"": ""sponsor_pack_generator""}"
02cd7306-d16b-47f9-882a-f92fc6a08499,u003,linkedin,public,en,2026-02-03T12:07:15Z,Taxes (debt) are confusing this year.,,"{""synthetic"": true, ""source"": ""sponsor_pack_generator""}"
cb1ae94d-485e-4fd2-8ae2-a1008e353c27,u007,blog,friends,en,2023-08-03T13:58:32Z,We need better age verification on platforms.,,"{""synthetic"": true, ""source"": ""sponsor_pack_generator""}"
d284254b-7daf-4390-a378-d69216ea754a,u012,linkedin,public,en,2023-05-05T10:11:24Z,We need better online safety on platforms.,,"{""synthetic"": true, ""source"": ""sponsor_pack_generator""}"
204b5dd3-9c7f-46ce-86a8-2270b225727c,u004,forum,friends,en,2025-04-16T06:45:41Z,My take on coronavirus: tone matters online.,,"{""synthetic"": true, ""source"": ""sponsor_pack_generator""}"
97464533-d351-4025-b5a9-9e3de4709c67,u008,blog,public,en,2021-11-30T10:57:16Z,Shoutout to the team for the help!,,"{""synthetic"": true, ""source"": ""sponsor_pack_generator""}"
4371f32b-1abd-4f99-8304-f3d29bf721a2,u007,blog,private,en,2022-02-23T16:20:35Z,Note to self: drink more water.,,"{""synthetic"": true, ""source"": ""sponsor_pack_generator""}"
cc42d291-84b5-458f-97cb-7080ab5830a6,u005,twitter,private,en,2018-01-20T00:15:46Z,"Honestly, this is messy.",,"{""synthetic"": true, ""source"": ""sponsor_pack_generator""}"
00439a99-dc04-4a8f-9961-909180699072,u003,reddit,public,en,2025-09-30T11:16:42Z,We need better online safety on platforms.,,"{""synthetic"": true, ""source"": ""sponsor_pack_generator""}"
9cee763e-e27b-42b0-9bcf-48a17f1c1a51,u009,linkedin,friends,en,2017-03-30T20:57:56Z,Weekend plans: coffee with friends.,,"{""synthetic"": true, ""source"": ""sponsor_pack_generator""}"
c5e1305b-1edb-453b-bb3b-0337aa41b552,u012,blog,private,en,2019-09-15T02:36:47Z,Weekend plans: reading.,,"{""synthetic"": true, ""source"": ""sponsor_pack_generator""}"
1c16eda8-1d54-4756-8858-a61d005f24a8,u011,facebook,public,en,2023-12-19T06:06:34Z,Shoutout to my lecturer for the help!,,"{""synthetic"": true, ""source"": ""sponsor_pack_generator""}"
5ede274e-556b-4afb-b91e-6df8a55fec84,u001,twitter,public,en,2025-06-20T15:23:00Z,Reminder: don't share Brexit without context.,,"{""synthetic"": true, ""source"": ""sponsor_pack_generator""}"
9ab36d7b-3875-47dc-bfa7-43d35e7dda0b,u012,blog,friends,en,2022-05-30T13:34:33Z,"Today has been ridiculous, but we'll get through it.",,"{""synthetic"": true, ""source"": ""sponsor_pack_generator""}"
b5861022-4dcf-47ba-a986-6e2c4f1ef139,u010,reddit,public,en,2018-07-11T05:32:46Z,Thinking about coronavirus again — lots of opinions out there.,,"{""synthetic"": true, ""source"": ""sponsor_pack_generator""}"
b3ce07ca-9af2-43a5-84d0-7203aab0526b,u005,twitter,public,en,2017-04-14T10:56:33Z,My take on election: it's complicated.,,"{""synthetic"": true, ""source"": ""sponsor_pack_generator""}"
b5847450-ef89-46ea-bea7-cc4278b8c39f,u009,blog,public,en,2017-09-30T19:56:18Z,Deepfakes are getting scary — protect kids.,,"{""synthetic"": true, ""source"": ""sponsor_pack_generator""}"
15bdda15-152e-4167-9fc2-2118426e9f34,u002,linkedin,public,en,2019-03-29T11:08:24Z,Just finished a client demo. Feeling tired.,,"{""synthetic"": true, ""source"": ""sponsor_pack_generator""}"
7c08eb2c-c02e-4710-805e-5f5ec20c17b7,u010,forum,private,en,2016-11-09T17:02:54Z,Taxes (tax) are confusing this year.,,"{""synthetic"": true, ""source"": ""sponsor_pack_generator""}"
5d5fdefd-e041-405f-93b9-0e5c94f5a910,u012,reddit,private,en,2021-07-08T02:21:46Z,Trying out Python today — pretty smooth so far.,,"{""synthetic"": true, ""source"": ""sponsor_pack_generator""}"
72cefd95-9a96-4531-b89d-fd3aa17036da,u011,blog,public,en,2019-11-23T06:44:33Z,"Today has been annoying, but we'll get through it.",,"{""synthetic"": true, ""source"": ""sponsor_pack_generator""}"
d05d6b01-cb8a-4d33-bf4c-77a95f627745,u009,facebook,public,en,2020-10-12T21:52:09Z,Trying to avoid NDA online — words can be risky.,,"{""synthetic"": true, ""source"": ""sponsor_pack_generator""}"
7f00519b-9e77-4d5c-986e-28c11b93b36f,u010,linkedin,private,en,2021-06-29T07:11:32Z,Just finished a 10k run. Feeling tired.,,"{""synthetic"": true, ""source"": ""sponsor_pack_generator""}"
0909e31a-be92-4a1e-b35c-8246809c77ba,u007,linkedin,public,en,2019-08-23T23:03:50Z,Reminder: don't share coronavirus without context.,,"{""synthetic"": true, ""source"": ""sponsor_pack_generator""}"
5eb73bdf-3a5f-4658-b191-7c8d2f078395,u003,linkedin,public,en,2022-05-25T12:53:39Z,Shoutout to my mentor for the help!,,"{""synthetic"": true, ""source"": ""sponsor_pack_generator""}"
f896d990-e563-4c2e-9292-64a2ec0b8eb0,u008,reddit,public,en,2023-08-07T17:20:29Z,"Today has been annoying, but we'll get through it.",,"{""synthetic"": true, ""source"": ""sponsor_pack_generator""}"
28fd27d6-d0e8-4b34-8247-888daeddd7f7,u004,reddit,private,en,2019-05-10T12:44:53Z,Shoutout to the team for the help!,,"{""synthetic"": true, ""source"": ""sponsor_pack_generator""}"
ffcd0211-fbba-4b46-9444-a9eb47750e18,u010,forum,private,en,2020-02-20T05:25:36Z,Weekend plans: family dinner.,,"{""synthetic"": true, ""source"": ""sponsor_pack_generator""}"
0e89ca9b-ba9d-4dc1-a1fa-6dbce2bc0227,u012,linkedin,public,en,2017-12-08T20:22:57Z,Shoutout to my lecturer for the help!,,"{""synthetic"": true, ""source"": ""sponsor_pack_generator""}"
3dea4a10-42c4-48d1-803f-be041045a79a,u002,blog,private,en,2017-11-10T17:46:03Z,Note to self: backup my laptop.,,"{""synthetic"": true, ""source"": ""sponsor_pack_generator""}"
6cee6c32-2153-4c3b-a905-6c717e19c69b,u001,linkedin,friends,en,2021-06-12T20:34:04Z,Quick question: is this libel territory or am I overthinking it?,,"{""synthetic"": true, ""source"": ""sponsor_pack_generator""}"
9dfda7d7-181c-4a30-8226-5b16ce5d9f22,u007,reddit,private,en,2025-04-27T05:50:28Z,My take on Brexit: facts help.,,"{""synthetic"": true, ""source"": ""sponsor_pack_generator""}"
15e677cc-864e-43a7-89f4-f5ca2b73e486,u011,facebook,public,en,2018-12-30T10:08:37Z,My take on manifesto: it's complicated.,,"{""synthetic"": true, ""source"": ""sponsor_pack_generator""}"
00b108ce-3c3c-4a3f-9cb3-4a4c5558f1c2,u012,forum,private,en,2024-02-27T09:16:05Z,Shoutout to my lecturer for the help!,,"{""synthetic"": true, ""source"": ""sponsor_pack_generator""}"
87c4b935-674e-42d6-8e56-e5e456bdf354,u002,linkedin,public,en,2024-02-15T00:07:44Z,Note to self: drink more water.,,"{""synthetic"": true, ""source"": ""sponsor_pack_generator""}"
5194965a-6d18-4d21-82a7-3fd8e28b77fc,u010,blog,friends,en,2025-06-18T12:41:52Z,"Honestly, this is stressful.",,"{""synthetic"": true, ""source"": ""sponsor_pack_generator""}"
692089b1-995c-4550-a8ce-f1d58756e71c,u003,facebook,private,en,2017-07-20T03:36:27Z,Shoutout to support for the help!,,"{""synthetic"": true, ""source"": ""sponsor_pack_generator""}"
d73a9cd3-e90c-4b79-a7c8-f8969689104b,u011,twitter,public,en,2019-11-09T12:13:15Z,Shoutout to my mentor for the help!,,"{""synthetic"": true, ""source"": ""sponsor_pack_generator""}"
e274d174-476a-447a-b895-7a1ba7c0a5db,u999,blog,public,en,2022-01-20T10:00:00Z,"Conservative estimate: this refactor will take 2 days, not 2 hours.",politics_term_brand_context,"{""synthetic"": true, ""source"": ""edge_case_set""}"
7520ba04-2aa9-40ec-a724-4f31ec9454b1,u010,linkedin,private,en,2015-11-08T13:46:00Z,My take on COVID: it's complicated.,,"{""synthetic"": true, ""source"": ""sponsor_pack_generator""}"
de1f981c-a14a-4308-8e6e-a8b9e93dc471,u006,forum,friends,en,2016-05-12T12:44:30Z,We have a photo shooting tomorrow — need to charge the camera.,,"{""synthetic"": true, ""source"": ""sponsor_pack_generator""}"
8668ef79-0f81-4bbd-b23d-a60d50d8042d,u010,facebook,private,en,2020-08-13T18:59:53Z,Note to self: sleep earlier.,,"{""synthetic"": true, ""source"": ""sponsor_pack_generator""}"
ca7e9e7f-0af4-46ec-82f4-1bbacfbcf172,u002,blog,private,en,2018-05-17T09:04:49Z,Taxes (debt) are confusing this year.,,"{""synthetic"": true, ""source"": ""sponsor_pack_generator""}"
17670b89-cced-47d6-811a-cd665676ec18,u003,twitter,friends,en,2022-04-24T14:26:26Z,Just finished my coursework. Feeling curious.,,"{""synthetic"": true, ""source"": ""sponsor_pack_generator""}"
410b90ba-1c1e-468c-a80d-811cd7779a8e,u003,blog,public,en,2019-01-30T11:17:17Z,Thinking about manifesto again — lots of opinions out there.,,"{""synthetic"": true, ""source"": ""sponsor_pack_generator""}"
67de8540-4ca2-4128-8914-c97faa70e290,u005,facebook,private,en,2016-07-14T01:39:46Z,My take on COVID: please read more than headlines.,,"{""synthetic"": true, ""source"": ""sponsor_pack_generator""}"
706e0a25-a2ff-4811-8167-f14dc0275d31,u010,forum,public,en,2025-01-25T21:26:55Z,Note to self: drink more water.,,"{""synthetic"": true, ""source"": ""sponsor_pack_generator""}"
d7648a28-acb1-482e-9b6e-c2b4322d9bb1,u008,twitter,private,en,2019-09-03T06:56:21Z,Reminder: don't share NHS without context.,,"{""synthetic"": true, ""source"": ""sponsor_pack_generator""}"
cb6469ce-acb7-4250-abea-9e368eb632cc,u012,facebook,private,en,2023-07-20T13:17:00Z,Trying out SQLite today — pretty quirky so far.,,"{""synthetic"": true, ""source"": ""sponsor_pack_generator""}"
2d63e04d-85ee-4842-8f53-69e8ac1335fe,u004,linkedin,friends,en,2022-09-06T20:44:56Z,"Honestly, this is frustrating.",,"{""synthetic"": true, ""source"": ""sponsor_pack_generator""}"
67041a0c-73f8-4ade-ba45-c7856c6c9493,u011,forum,friends,en,2018-12-29T19:28:35Z,Quick question: is this defamation territory or am I overthinking it?,,"{""synthetic"": true, ""source"": ""sponsor_pack_generator""}"
75b26415-2c1e-41f4-865e-25a31a6c4497,u007,facebook,private,en,2017-01-29T12:27:00Z,Trying out GitHub Actions today — pretty a bit confusing so far.,,"{""synthetic"": true, ""source"": ""sponsor_pack_generator""}"
eb1aba69-993b-4847-a8f5-ccb69b556a56,u002,linkedin,private,en,2022-03-22T17:58:41Z,Taxes (HMRC) are confusing this year.,,"{""synthetic"": true, ""source"": ""sponsor_pack_generator""}"
32db2d2a-d7a8-43e6-af81-688c4f32af9b,u001,facebook,friends,en,2017-05-05T00:20:19Z,Just finished a new recipe. Feeling tired.,,"{""synthetic"": true, ""source"": ""sponsor_pack_generator""}"
cea7593f-1f89-4548-9e07-e0dadf1f1c88,u008,facebook,private,en,2019-05-16T18:09:21Z,Weekend plans: coding session.,,"{""synthetic"": true, ""source"": ""sponsor_pack_generator""}"
e5198933-0a3b-4eb7-a46b-1d7e0fd6a6b4,u006,facebook,friends,en,2018-08-11T01:36:16Z,Quick question: is this NDA territory or am I overthinking it?,,"{""synthetic"": true, ""source"": ""sponsor_pack_generator""}"
34de973e-50e5-483b-aff6-d6d2291ee0b2,u011,reddit,friends,en,2015-10-12T17:49:39Z,Please shut up.,,"{""synthetic"": true, ""source"": ""sponsor_pack_generator""}"
69955bb5-d5e3-446a-ad1c-e2549a1e64e6,u009,blog,friends,en,2016-02-08T12:25:01Z,We need better online safety on platforms.,,"{""synthetic"": true, ""source"": ""sponsor_pack_generator""}"
81147bd1-0436-4bca-bfed-568bad0ee46a,u003,forum,public,en,2018-10-18T23:35:55Z,My take on election: please read more than headlines.,,"{""synthetic"": true, ""source"": ""sponsor_pack_generator""}"
839548cf-c937-4db0-924f-8d75fb9b7985,u004,forum,friends,en,2019-05-30T13:26:43Z,Trying to avoid NDA online — words can be risky.,,"{""synthetic"": true, ""source"": ""sponsor_pack_generator""}"
ddd021c2-b276-4696-9326-671d44a2970c,u999,twitter,public,en,2024-10-05T08:00:00Z,AI chatbots should have better age verification. Online safety matters.,online_safety_trend,"{""synthetic"": true, ""source"": ""edge_case_set""}"
197227f1-c7fa-4645-bbb8-d05000e77d49,u001,linkedin,private,en,2016-03-26T18:24:48Z,Reminder: don't share manifesto without context.,,"{""synthetic"": true, ""source"": ""sponsor_pack_generator""}"
d7d6997e-b872-4807-b3eb-686ed7153290,u005,linkedin,private,en,2024-01-10T18:22:12Z,Reminder: don't share protest without context.,,"{""synthetic"": true, ""source"": ""sponsor_pack_generator""}"
19ed025b-70ca-4a6a-8538-d0e1817d83ea,u009,forum,friends,en,2019-12-19T13:33:01Z,The bus smelled like coke again. Not great.,,"{""synthetic"": true, ""source"": ""sponsor_pack_generator""}"
aa248381-6e2e-428a-abc3-1f800f33dca2,u006,linkedin,friends,en,2016-08-13T20:13:41Z,We need better age verification on platforms.,,"{""synthetic"": true, ""source"": ""sponsor_pack_generator""}"
42ebbf6c-ec86-494c-b666-a52b43c5caac,u009,linkedin,private,en,2025-11-30T00:41:26Z,Trying to avoid fraud online — words can be risky.,,"{""synthetic"": true, ""source"": ""sponsor_pack_generator""}"
25432089-99bb-4918-a7f5-6d6600bd86c7,u002,linkedin,private,en,2025-07-15T16:51:56Z,I can't believe how annoying this situation is.,,"{""synthetic"": true, ""source"": ""sponsor_pack_generator""}"
b0a68dcc-ac4b-47b1-a0d5-bae0314993e4,u012,linkedin,public,en,2019-10-23T18:01:10Z,Note to self: backup my laptop.,,"{""synthetic"": true, ""source"": ""sponsor_pack_generator""}"
13d9acab-03f8-474a-a1ea-e64da5c34873,u003,linkedin,private,en,2020-05-03T14:10:40Z,Weekend plans: reading.,,"{""synthetic"": true, ""source"": ""sponsor_pack_generator""}"
f8641922-9391-4f08-9b2c-50e9cd51cd4f,u005,forum,friends,en,2025-05-22T02:35:20Z,Shoutout to my lecturer for the help!,,"{""synthetic"": true, ""source"": ""sponsor_pack_generator""}"
b43d653e-4b95-449e-9489-352177accb3c,u999,twitter,public,en,2017-08-19T07:40:00Z,Big shoot tomorrow for the product photos. Need to book a studio.,ambiguous_term_shoot_photography,"{""synthetic"": true, ""source"": ""edge_case_set""}"
4c176cc3-c25a-4dea-a326-3c48fba105ef,u002,twitter,public,en,2016-02-22T03:38:42Z,News cycle is full of protest right now.,,"{""synthetic"": true, ""source"": ""sponsor_pack_generator""}"
f7025db2-a717-4f28-b458-b5660795ca43,u012,twitter,friends,en,2019-11-23T06:32:40Z,Shoutout to Sam for the help!,,"{""synthetic"": true, ""source"": ""sponsor_pack_generator""}"
bbfc3e46-883c-4d3d-bc8d-f237cf81acd6,u002,forum,private,en,2024-06-07T19:06:35Z,Weekend plans: museum visit.,,"{""synthetic"": true, ""source"": ""sponsor_pack_generator""}"
3fa0a894-daa4-42e7-bd16-e276d35d30f5,u002,twitter,public,en,2020-02-15T06:55:19Z,Weekend plans: reading.,,"{""synthetic"": true, ""source"": ""sponsor_pack_generator""}"
da08b0b7-9b16-48cb-8dd4-3dc93cd5267d,u005,forum,friends,en,2019-01-18T21:49:25Z,Just finished a 10k run. Feeling tired.,,"{""synthetic"": true, ""source"": ""sponsor_pack_generator""}"
a9f55695-1aff-4a9d-83fa-ee2646dd9383,u010,forum,friends,en,2017-12-26T11:41:53Z,Note to self: stop doomscrolling.,,"{""synthetic"": true, ""source"": ""sponsor_pack_generator""}"
f3315e01-a3b5-4313-97f0-7c754f432e90,u009,twitter,friends,en,2021-10-24T07:46:04Z,Trying out TypeScript today — pretty surprisingly fast so far.,,"{""synthetic"": true, ""source"": ""sponsor_pack_generator""}"
e2bbda0e-923f-4c64-ba28-07108d522dd8,u009,forum,friends,en,2020-12-07T09:17:59Z,My take on Conservative: people are stressed.,,"{""synthetic"": true, ""source"": ""sponsor_pack_generator""}"
6ac057d3-d2b6-4006-8767-65c0dd4d1ce7,u011,forum,public,en,2024-08-17T13:27:07Z,Trying out Python today — pretty surprisingly fast so far.,,"{""synthetic"": true, ""source"": ""sponsor_pack_generator""}"
d25720cf-e502-4320-9bd2-25dd5d73e22a,u001,reddit,private,en,2022-01-11T19:56:42Z,Trying out GitHub Actions today — pretty nice so far.,,"{""synthetic"": true, ""source"": ""sponsor_pack_generator""}"
36efc4fd-ffef-4bf2-9ff0-fb29f627f2bb,u003,twitter,friends,en,2022-02-09T15:31:29Z,Thinking about parliament again — lots of opinions out there.,,"{""synthetic"": true, ""source"": ""sponsor_pack_generator""}"
dfb836c3-5342-406c-b309-bde3bc8628ae,u008,twitter,friends,en,2025-10-19T09:57:28Z,"Not advice, but I'm learning about debt and risk.",,"{""synthetic"": true, ""source"": ""sponsor_pack_generator""}"
243e16a0-c1cb-4bcd-ae32-50a650545070,u011,forum,friends,en,2020-05-21T15:56:02Z,Trying out Python today — pretty quirky so far.,,"{""synthetic"": true, ""source"": ""sponsor_pack_generator""}"
c71c8366-5b76-4153-83d0-1a889a4bbfdd,u004,reddit,public,en,2018-04-08T01:53:45Z,Someone joked about coke at the party — awkward.,,"{""synthetic"": true, ""source"": ""sponsor_pack_generator""}"
76e3a7c7-f9a9-4057-aa77-bba0bcc9aa1c,u007,facebook,private,en,2025-06-17T13:17:54Z,Shoutout to my mentor for the help!,,"{""synthetic"": true, ""source"": ""sponsor_pack_generator""}"
1be5b31c-59b2-4cc2-bd65-97a224bb45e9,u006,facebook,public,en,2015-04-24T06:44:06Z,Note to self: stop doomscrolling.,,"{""synthetic"": true, ""source"": ""sponsor_pack_generator""}"
7e08380a-70de-4375-afda-7ca31ae4b44f,u999,linkedin,public,en,2016-02-14T02:10:00Z,Long night. The labour pains are intense — heading to the hospital.,political_term_non_political,"{""synthetic"": true, ""source"": ""edge_case_set""}"
8a763f2d-88e7-4150-ae04-d6769cb69d6a,u003,linkedin,private,en,2019-11-06T20:24:02Z,Quick question: is this fraud territory or am I overthinking it?,,"{""synthetic"": true, ""source"": ""sponsor_pack_generator""}"
e3392008-d3a7-4d2e-a246-7c7fca8d76d9,u007,forum,private,en,2020-04-05T20:46:31Z,Please shut up.,,"{""synthetic"": true, ""source"": ""sponsor_pack_generator""}"
ee01c338-8d5b-476f-bc14-7cd0d9127c87,u003,blog,friends,en,2019-06-12T03:14:01Z,Stop trying to attack the discussion — be civil.,,"{""synthetic"": true, ""source"": ""sponsor_pack_generator""}"
38ba69e4-8640-458e-9422-5b44048d3c88,u012,linkedin,private,en,2020-05-31T01:53:35Z,Trying out SQLite today — pretty smooth so far.,,"{""synthetic"": true, ""source"": ""sponsor_pack_generator""}"
443c935f-6659-4dae-b102-b0d54f0fd17e,u007,reddit,private,en,2017-08-08T15:41:37Z,Trying out Python today — pretty surprisingly fast so far.,,"{""synthetic"": true, ""source"": ""sponsor_pack_generator""}"
a90ea5e5-9e51-4f24-bc1c-107eb2193bfe,u001,facebook,friends,en,2018-11-24T06:07:27Z,My take on parliament: it's complicated.,,"{""synthetic"": true, ""source"": ""sponsor_pack_generator""}"
88a3920c-b9e2-4e11-9aca-07b76bd9cadc,u001,facebook,private,en,2021-09-17T19:13:24Z,My take on vaccine: it's complicated.,,"{""synthetic"": true, ""source"": ""sponsor_pack_generator""}"
43da8e5a-1a92-4e87-947b-29ac6c3426c5,u001,forum,public,en,2019-05-01T03:24:38Z,Please go away.,,"{""synthetic"": true, ""source"": ""sponsor_pack_generator""}"
